<?xml version="1.0"?>
<!DOCTYPE hibernate-mapping PUBLIC "-//Hibernate/Hibernate Mapping DTD 3.0//EN"
"http://hibernate.sourceforge.net/hibernate-mapping-3.0.dtd">
<!-- Generated Jun 17, 2019 4:27:13 PM by Hibernate Tools 3.5.0.Final -->
<hibernate-mapping>
    <class name="pojo.Admin" table="ADMIN">
        <id name="Admin_id" type="int">
            <column name="ADMIN_ID" />
            <generator class="increment" />
        </id>
        <property name="Admin_name" type="java.lang.String">
            <column name="ADMIN_NAME" />
        </property>
        <property name="Admin_pass" type="java.lang.String">
            <column name="ADMIN_PASS" />
        </property>
    </class>
</hibernate-mapping>
