<?xml version="1.0"?>
<!DOCTYPE hibernate-mapping PUBLIC "-//Hibernate/Hibernate Mapping DTD 3.0//EN"
"http://hibernate.sourceforge.net/hibernate-mapping-3.0.dtd">
<!-- Generated Jun 17, 2019 5:07:00 PM by Hibernate Tools 3.5.0.Final -->
<hibernate-mapping>
    <class name="pojo.Event" table="EVENT">
        <id name="event_id" type="int">
            <column name="EVENT_ID" />
            <generator class="increment" />
        </id>
        <many-to-one name="event_type" class="pojo.Event_type" fetch="join">
            <column name="EVENT_TYPE" />
        </many-to-one>
        <property name="event_title" type="java.lang.String">
            <column name="EVENT_TITLE" />
        </property>
        <property name="from_date" type="java.util.Date">
            <column name="FROM_DATE" />
        </property>
        <property name="to_date" type="java.util.Date">
            <column name="TO_DATE" />
        </property>
        <property name="time" type="java.lang.String">
            <column name="TIME" />
        </property>
        <property name="venue" type="java.lang.String">
            <column name="VENUE" />
        </property>
        <property name="event_handler" type="java.lang.String">
            <column name="EVENT_HANDLER" />
        </property>
        <property name="budget" type="double">
            <column name="BUDGET" />
        </property>
       
        
         <property name="event_image" type="binary">
            <column name="EVENT_IMAGE" />
        </property>
        
        
    </class>
</hibernate-mapping>
