<?xml version="1.0"?>
<!DOCTYPE hibernate-mapping PUBLIC "-//Hibernate/Hibernate Mapping DTD 3.0//EN"
"http://hibernate.sourceforge.net/hibernate-mapping-3.0.dtd">
<!-- Generated Jun 17, 2019 5:10:20 PM by Hibernate Tools 3.5.0.Final -->
<hibernate-mapping>
    <class name="pojo.Notices" table="NOTICES">
        <id name="notice_id" type="int">
            <column name="NOTICE_ID" />
            <generator class="increment" />
        </id>
        <property name="title" type="java.lang.String">
            <column name="TITLE" />
        </property>
        <property name="message" type="java.lang.String">
            <column name="MESSAGE" />
        </property>

        
         <property name="n_image" type="binary">
            <column name="N_IMAGE" />
        </property>
        
        
    </class>
</hibernate-mapping>
