<?xml version="1.0"?>
<!DOCTYPE hibernate-mapping PUBLIC "-//Hibernate/Hibernate Mapping DTD 3.0//EN"
"http://hibernate.sourceforge.net/hibernate-mapping-3.0.dtd">
<!-- Generated Jun 17, 2019 4:29:27 PM by Hibernate Tools 3.5.0.Final -->
<hibernate-mapping>
    <class name="pojo.Section" table="SECTION">
        <id name="Section_id" type="int">
            <column name="SECTION_ID" />
            <generator class="increment" />
        </id>
        <property name="Section_name" type="java.lang.String">
            <column name="SECTION_NAME" />
        </property>
    </class>
</hibernate-mapping>
