<?xml version="1.0"?>
<!DOCTYPE hibernate-mapping PUBLIC "-//Hibernate/Hibernate Mapping DTD 3.0//EN"
"http://hibernate.sourceforge.net/hibernate-mapping-3.0.dtd">
<!-- Generated Jun 17, 2019 4:29:27 PM by Hibernate Tools 3.5.0.Final -->
<hibernate-mapping>
    <class name="pojo.Staff_type" table="STAFF_TYPE">
        <id name="Staff_id" type="int">
            <column name="STAFF_ID" />
            <generator class="increment" />
        </id>
        <property name="Staff_name" type="java.lang.String">
            <column name="STAFF_NAME" />
        </property>
    </class>
</hibernate-mapping>
