<?xml version="1.0"?>
<!DOCTYPE hibernate-mapping PUBLIC "-//Hibernate/Hibernate Mapping DTD 3.0//EN"
"http://hibernate.sourceforge.net/hibernate-mapping-3.0.dtd">
<!-- Generated Jun 17, 2019 4:45:00 PM by Hibernate Tools 3.5.0.Final -->
<hibernate-mapping>
    <class name="pojo.Subject" table="SUBJECT">
        <id name="Subject_id" type="int">
            <column name="SUBJECT_ID" />
            <generator class="increment" />
        </id>
        <property name="Subject_name" type="java.lang.String">
            <column name="SUBJECT_NAME" />
        </property>
        <many-to-one name="section" class="pojo.Section" fetch="join">
            <column name="SECTION" />
        </many-to-one>
        <many-to-one name="standard" class="pojo.Standard" fetch="join">
            <column name="STANDARD" />
        </many-to-one>
        <many-to-one name="standard_division" class="pojo.Standard" fetch="join">
            <column name="STANDARD_DIVISION" />
        </many-to-one>
        <many-to-one name="staff_type" class="pojo.Staff_type" fetch="join">
            <column name="STAFF_TYPE" />
        </many-to-one>
        <many-to-one name="staff" class="pojo.Staff" fetch="join">
            <column name="STAFF" />
        </many-to-one>
    </class>
</hibernate-mapping>
